<?xml version="1.0" encoding="UTF-8"?>
<elementos>
<elemento nombre="test1" id="1" cols="4" rows="4">
	<item row="1" col="1">A</item>
	<item row="1" col="2">B</item>
	<item row="1" col="3">C</item>
	<item row="1" col="4">D</item>
	<item row="3" col="1">I</item>
	<item row="3" col="2">J</item>
	<item row="3" col="3">K</item>
	<item row="3" col="4">L</item>
	<item row="2" col="4">H</item>
	<item row="2" col="1">E</item>
	<item row="2" col="3">G</item>
	<item row="2" col="2">F</item>
	<item row="4" col="1">M</item>
	<item row="4" col="2">N</item>
	<item row="4" col="3">O</item>
	<item row="4" col="4">P</item>
</elemento>
<elemento nombre="test3" id="3" cols="6" rows="3">
	<item row="1" col="1">1</item>
	<item row="1" col="2">2</item>
	<item row="1" col="3">3</item>
	<item row="1" col="4">4</item>
	<item row="1" col="5">5</item>
	<item row="1" col="6">6</item>
	<item row="2" col="1">7</item>
	<item row="2" col="2">8</item>
	<item row="2" col="3">9</item>
	<item row="2" col="4">10</item>
	<item row="2" col="5">11</item>
	<item row="2" col="6">12</item>
	<item row="3" col="1">13</item>
	<item row="3" col="2">14</item>
	<item row="3" col="3">15</item>
	<item row="3" col="4">16</item>
	<item row="3" col="5">17</item>
	<item row="3" col="6">18</item>
</elemento>
<elemento nombre="nuevoNombre" id="4" cols="3" rows="7">
	<item row="1" col="1">A</item>
	<item row="1" col="2">B</item>
	<item row="1" col="3">C</item>
	<item row="2" col="1">D</item>
	<item row="2" col="2">E</item>
	<item row="2" col="3">F</item>
	<item row="3" col="1">G</item>
	<item row="3" col="2">H</item>
	<item row="3" col="3">I</item>
	<item row="4" col="1">J</item>
	<item row="4" col="2">K</item>
	<item row="4" col="3">L</item>
	<item row="5" col="1">M</item>
	<item row="5" col="2">N</item>
	<item row="5" col="3">O</item>
	<item row="6" col="1">P</item>
	<item row="6" col="2">Q</item>
	<item row="6" col="3">R</item>
	<item row="7" col="1">S</item>
	<item row="7" col="2">T</item>
	<item row="7" col="3">U</item>
</elemento>
</elementos>
